[
  {
    "server_ip": "10.132.50.238",
    "server_name": "kepware 6.4",
    "ip": "172.25.160.21~30",
    "device_id": "",
    "driver_name": "kepware",
    "terminal_name": "220 PCB_Clean"
  },
  {
    "server_ip": "10.132.50.239",
    "server_name": "kepware 6.6",
    "ip": "172.25.160.31~40",
    "device_id": "",
    "driver_name": "kepware",
    "terminal_name": "221 Foil_Peel"
  },
  {
    "server_ip": "10.132.50.239",
    "server_name": "kepware 6.6",
    "ip": "172.25.160.81~90",
    "device_id": "",
    "driver_name": "kepware",
    "terminal_name": "332 PCBA_to_HS"
  },
  {
    "server_ip": "10.132.50.239",
    "server_name": "kepware 6.6",
    "ip": "172.25.160.91~100",
    "device_id": "",
    "driver_name": "kepware",
    "terminal_name": "333 PCBA_Screw"
  },
  {
    "server_ip": "10.132.50.239",
    "server_name": "kepware 6.6",
    "ip": "172.25.160.111~120",
    "device_id": "",
    "driver_name": "kepware",
    "terminal_name": "350 Dual_Air"
  },
  {
    "server_ip": "10.132.50.239",
    "server_name": "kepware 6.6",
    "ip": "172.25.160.121~130",
    "device_id": "",
    "driver_name": "kepware",
    "terminal_name": "351 Particle_TT"
  },
  {
    "server_ip": "10.132.50.239",
    "server_name": "kepware 6.6",
    "ip": "172.25.160.191~200",
    "device_id": "",
    "driver_name": "kepware",
    "terminal_name": "360 PP_Oven"
  },
  {
    "server_ip": "10.132.50.238",
    "server_name": "kepware 6.4",
    "ip": "172.25.161.1~10",
    "device_id": "",
    "driver_name": "kepware",
    "terminal_name": "clean_housing(1mp)"
  },
  {
    "server_ip": "10.132.50.238",
    "server_name": "kepware 6.4",
    "ip": "172.25.161.11~20",
    "device_id": "",
    "driver_name": "kepware",
    "terminal_name": "401 Clean_BC"
  },
  {
    "server_ip": "10.132.50.238",
    "server_name": "kepware 6.4",
    "ip": "172.25.161.31~40",
    "device_id": "",
    "driver_name": "kepware",
    "terminal_name": "412 BC_to_HS"
  },
  {
    "server_ip": "10.132.50.238",
    "server_name": "kepware 6.4",
    "ip": "172.25.161.41~50",
    "device_id": "",
    "driver_name": "kepware",
    "terminal_name": "413 Crimping"
  },
  {
    "server_ip": "10.132.50.238",
    "server_name": "kepware 6.4",
    "ip": "172.25.161.51~60",
    "device_id": "",
    "driver_name": "kepware",
    "terminal_name": "402 Clean_BC(1mp)"
  },
  {
    "server_ip": "10.132.50.238",
    "server_name": "kepware 6.4",
    "ip": "172.25.161.61~70",
    "device_id": "",
    "driver_name": "kepware",
    "terminal_name": "414 BC_to_HS(1mp)"
  },
  {
    "server_ip": "10.132.50.238",
    "server_name": "kepware 6.4",
    "ip": "172.25.161.91~100",
    "device_id": "",
    "driver_name": "kepware",
    "terminal_name": "LPFK(1mp)"
  }


]

