[
  {
    "name": "tgs01",
    "ip": "10.132.52.2"
  },
  {
    "name": "tgs02",
    "ip": "10.132.52.2"
  },
  {
    "name": "tgs03",
    "ip": "10.132.52.2"
  },
  {
    "name": "tgs04",
    "ip": "10.132.52.2"
  },
  {
    "name": "tgs05",
    "ip": "10.132.52.2"
  },
  {
    "name": "tgs06",
    "ip": "10.132.52.3"
  },
  {
    "name": "tgs07",
    "ip": "10.132.52.3"
  },
  {
    "name": "tgs08",
    "ip": "10.132.52.3"
  },
  {
    "name": "tgs09",
    "ip": "10.132.52.3"
  },
  {
    "name": "tgs10",
    "ip": "10.132.52.3"
  },
  {
    "name": "tgs11",
    "ip": "10.132.52.4"
  },
  {
    "name": "tgs12",
    "ip": "10.132.52.4"
  },
  {
    "name": "tgs13",
    "ip": "10.132.52.4"
  },
  {
    "name": "tgs14",
    "ip": "10.132.52.4"
  },
  {
    "name": "tgs15",
    "ip": "10.132.52.4"
  },
  {
    "name": "tgs18",
    "ip": "10.132.52.6"
  },
  {
    "name": "tgs19",
    "ip": "10.132.52.6"
  },
  {
    "name": "tgs20",
    "ip": "10.132.52.6"
  },
  {
    "name": "tgs28",
    "ip": "10.132.52.6"
  },
  {
    "name": "tgs16",
    "ip": "10.132.52.7"
  },
  {
    "name": "tgs17",
    "ip": "10.132.52.7"
  },
  {
    "name": "tgs22",
    "ip": "10.132.52.7"
  },
  {
    "name": "tgs25",
    "ip": "10.132.52.8"
  },
  {
    "name": "TGS-BOSCH ASSY",
    "ip": "10.132.52.8"
  },
  {
    "name": "TGS-VSA ASSY",
    "ip": "10.132.52.8"
  },
  {
    "name": "TGS-OT01",
    "ip": "10.132.52.9"
  },
  {
    "name": "TGS-FT01",
    "ip": "10.132.52.9"
  },
  {
    "name": "TGS-PLC",
    "ip": "10.132.52.9"
  }

]

